feature,gain
p1,5898.68603515625
c_gap_other,1396.5594482421875
blk_4,1179.628173828125
anc_house_eq_w,971.682861328125
a_tset,382.4117431640625
c_best_other,380.9778137207031
ce_logit,364.561279296875
h_eq,294.0245056152344
anc_addr_max,164.65048217773438
dm_house_mates_p,147.21022033691406
a_empty_r,84.3934555053711
dm_house_mates,72.67008209228516
h_r_missing,64.53802490234375
te_extra_min,57.40767288208008
h_nearby,56.36281967163086
p1_rank,56.069332122802734
n_first_eq,51.75373458862305
rank_in_cand,50.59657669067383
te_legal,50.548095703125
blk_6,49.66061019897461
legal_conflict,46.17645263671875
same_src_n05,39.74085998535156
h_logdiff,35.84392166137695
s1_n05,35.475887298583984
sub_word,35.373226165771484
s1_psum,34.21178436279297
h_absdiff,34.149112701416016
nums_jacc,33.694068908691406
legal_swap,33.68540573120117
a_tok_jacc,28.921743392944336
legal_drop,27.611106872558594
te_extra_mean,27.167448043823242
n_exact_sorted,24.3638973236084
te_extra_max,24.088863372802734
n_extra,22.44968605041504
s1_same_name,22.087915420532227
a_partial,21.498228073120117
h_jw,21.037206649780273
n_phon_eq,21.027738571166992
n_tok_jacc,20.570667266845703
gap_cand,20.35485076904297
n_missing,18.664688110351562
st_jw,18.19749641418457
n_ntok_r,16.980640411376953
legal_r_missing,16.894615173339844
n_lev,16.565731048583984
n_skel_ratio,16.53568458557129
addr_cos,16.20827865600586
blk_7,15.485342979431152
st_tset,15.473628997802734
n_len_ratio,15.205971717834473
n_tset,15.060981750488281
blk_13,14.99222183227539
anc_addr_wmean,14.87230396270752
n_partial,14.81802749633789
state_eq,14.801528930664062
anc_name_max,14.515372276306152
te_missing_min,14.392730712890625
sub_best_jw,14.172881126403809
legal_eq,13.86463451385498
n_acr,12.950078010559082
a_tsort,12.629131317138672
n_wratio,12.45761775970459
blk_10,12.108428955078125
n_ratio,11.995738983154297
n_skel_tset,11.820043563842773
s1_pmax,11.387670516967773
n_ns_ratio,10.931485176086426
n_ns_partial,10.74036979675293
ns_in_ns,10.73493480682373
n_tsort,10.514151573181152
dom_r,10.457178115844727
cand_same_name,9.54733943939209
blk_5,9.545734405517578
dm_s1_house_support,9.510648727416992
blk_3,9.455915451049805
name_gap_cand,9.414566993713379
cheap_score,9.398224830627441
city_r_in_l,9.311548233032227
n_jw,9.144684791564941
blk_0,9.130486488342285
blk_1,9.111428260803223
blk_9,8.912266731262207
city_l_in_r,8.87971305847168
name4_cos,8.78243350982666
n_s1_cand,8.746614456176758
n_ns_jw,8.494020462036133
skel4_cos,8.420308113098145
words_cos,8.335955619812012
rank_in_s1,8.328268051147461
city_jw,8.072672843933105
name_rank_in_cand,8.058932304382324
blk_2,7.937307834625244
dm_closer_p,7.895532608032227
name4_gap_s1,7.88878059387207
dm_closer,7.844899654388428
anc_name_wmean,7.712979316711426
addr_gap_s1,7.5820136070251465
cand_src,7.503371715545654
blk_11,7.362522125244141
gap_s1,7.356585502624512
n_len_l,7.326099872589111
blk_12,6.712286949157715
n_cand_s1,6.687161922454834
pc_eq,5.9620747566223145
blk_8,0.0
n_exact_core,0.0
n_exact_ns,0.0
a_empty_l,0.0
anc_n,0.0
